filename,primary_theme,secondary_theme,suggested_alt_text
cmlocals chiang mai locals auf der au garden german buffet restaurant sign wat ket 1.webp,Infrastructure/Modern,Markets/Local Life,CMLocals Chiang Mai Locals restaurant signage
cmlocals chiang mai locals auf der au garden german buffet restaurant sign wat ket.webp,Infrastructure/Modern,Markets/Local Life,CMLocals Chiang Mai Locals restaurant signage
cmlocals chiang mai locals blacklist status elephant working animal indian elephant terrestrial.webp,Animals/Wildlife,Visas/Documents/Official,CMLocals Chiang Mai Locals elephant
cmlocals chiang mai locals blacklist status event dress entertainment smile performing arts.webp,Leisure/Entertainment,People/Groups/Community,CMLocals Chiang Mai Locals festival performance
cmlocals chiang mai locals border run checklist elephant working animal indian elephant terrestrial.webp,Animals/Wildlife,Visas/Documents/Official,CMLocals Chiang Mai Locals elephant
cmlocals chiang mai locals border run two tuk tuks parked retirement visa checklist land vehicle mode of transport wheel.webp,Transport/Getting Around,Visas/Documents/Official,CMLocals Chiang Mai Locals local transport
cmlocals chiang mai locals busy market stall colorful handmade bags.webp,Markets/Local Life,People/Groups/Community,CMLocals Chiang Mai Locals local market
cmlocals chiang mai locals chiang mai ambassador connector helper guru logo.webp,Infrastructure/Modern,,CMLocals Chiang Mai Locals community logo
cmlocals chiang mai locals chiang mai clean city official purple circle logo.webp,Infrastructure/Modern,,CMLocals Chiang Mai Locals city initiative logo
cmlocals chiang mai locals chiang mai safe city public awareness logo 1.webp,Infrastructure/Modern,,CMLocals Chiang Mai Locals city safety logo
cmlocals chiang mai locals circular geometrical mandala sak yant tattoo design 1.webp,Art/Culture/Crafts,,CMLocals Chiang Mai Locals sak yant tattoo design
cmlocals chiang mai locals close up of lighting oil lamps in a buddhist temple 1.webp,Temples/Sacred,,CMLocals Chiang Mai Locals Buddhist temple lighting
cmlocals chiang mai locals close up of lighting oil lamps in a buddhist temple 2.webp,Temples/Sacred,,CMLocals Chiang Mai Locals Buddhist temple lighting
cmlocals chiang mai locals close up of lighting oil lamps in a buddhist temple.webp,Temples/Sacred,,CMLocals Chiang Mai Locals Buddhist temple lighting
cmlocals chiang mai locals closeup of thailand visa sticker background.webp,Visas/Documents/Official,,CMLocals Chiang Mai Locals visa documentation
cmlocals chiang mai locals cnx insure company logo blue brush stroke.webp,Infrastructure/Modern,,CMLocals Chiang Mai Locals insurance company logo
cmlocals chiang mai locals collage of sak yant tattoo process and monk ritual.webp,Art/Culture/Crafts,Temples/Sacred,CMLocals Chiang Mai Locals sacred sak yant tattoo ritual
cmlocals chiang mai locals collage of sak yant tattoo ritual and golden temple.webp,Art/Culture/Crafts,Temples/Sacred,CMLocals Chiang Mai Locals sacred sak yant tattoo ritual
cmlocals chiang mai locals combat demo group watching instructor.webp,Education/Training,People/Groups/Community,CMLocals Chiang Mai Locals martial arts training
cmlocals chiang mai locals day reporting night lighting electricity festival midnight holiday.webp,Leisure/Entertainment,Infrastructure/Modern,CMLocals Chiang Mai Locals lantern festival celebration
cmlocals chiang mai locals day reporting orange lighting night midnight lantern festival.webp,Leisure/Entertainment,Infrastructure/Modern,CMLocals Chiang Mai Locals lantern festival celebration
cmlocals chiang mai locals day reporting shorts shoe hat fun sneakers luggage.webp,Leisure/Entertainment,People/Groups/Community,CMLocals Chiang Mai Locals festival celebration
cmlocals chiang mai locals day reporting temple place of worship temple tourist.webp,Temples/Sacred,People/Groups/Community,CMLocals Chiang Mai Locals Buddhist temple
cmlocals chiang mai locals day reporting tradition fun happiness leisure costume festival.webp,Leisure/Entertainment,Art/Culture/Crafts,CMLocals Chiang Mai Locals festival celebration
cmlocals chiang mai locals document requirements identity document passport united states passport.webp,Visas/Documents/Official,,CMLocals Chiang Mai Locals travel document
cmlocals chiang mai locals doi inthanon twin pagodas sunset landscape 1.webp,Landscape/Nature/Scenic,Temples/Sacred,CMLocals Chiang Mai Locals scenic landscape
cmlocals chiang mai locals doi inthanon twin pagodas sunset landscape.webp,Landscape/Nature/Scenic,Temples/Sacred,CMLocals Chiang Mai Locals scenic landscape
cmlocals chiang mai locals education visas available now martial arts group.webp,Education/Training,People/Groups/Community,CMLocals Chiang Mai Locals martial arts training
cmlocals chiang mai locals english camp primary school students group photo.webp,Education/Training,People/Groups/Community,CMLocals Chiang Mai Locals school classroom
cmlocals chiang mai locals expat auto chiang mai logo with red wings.webp,Infrastructure/Modern,Transport/Getting Around,CMLocals Chiang Mai Locals automotive service logo
